job_title;job_category
data analyst;data science
junior data scientist;data science
logistics data analyst intern;analysis
business analyst;analysis
junior power analyst;analysis
digital analytics intern;analysis
data scientist;data science
data science intern;data science
data engineering intern;engineering
junior business intelligence intern;analysis
credit analyst;analysis
junior business analyst;analysis
intern data science;data science
intern data analyst customer satisfaction;analysis
junior artificial intelligence and data science consultant;machine learning/ artificial intelligence
senior data engineer;engineering
data engineering ;engineering
junior quantitative and risk manager;analysis
client engagement business analyst;analysis
data engineer;engineering
data science of financial services;data science
sales data analyst;analysis
data insights manager;analysis
junior professional in artificial intelligence and data science;machine learning/ artificial intelligence
bi analyst;analysis
data and analytics competence center;analysis
client consulting analyst;analysis
energy data portfolio intern;analysis
data consultant;analysis
data and artificial intelligence consulting;machine learning/ artificial intelligence
intern in generative artificial intelligence and financial crime technology;machine learning/ artificial intelligence
software engineer;engineering
artificial intelligence research assistant;machine learning/ artificial intelligence
data architect;engineering
data scientist operations;data science
people analyst;analysis
marketing analytics specialist;analysis
business process engineer;engineering
systems software intern;engineering
intern risk engineering;engineering
scientific data systems engineer;engineering
data engineer;engineering
junior solution architect;engineering
junior it engineer;engineering
sql developer;engineering
machine learning internship;machine learning/ artificial intelligence
junior artificial intelligence engineer;machine learning/ artificial intelligence
founder's associate artificial intelligence and healthtech;machine learning/ artificial intelligence
junior programmer;machine learning/ artificial intelligence
artificial intelligence software engineer;machine learning/ artificial intelligence
junior data scientist;data science
senior data scientist;data science
r data scientist;data science
data specialist;data science
azure data engineer;engineering
master data specialist;data science
scientific specialist analytical developement;data science
statistician;data science
research and analytics director;data science
data learning engineer;engineering
data visualizer;data science
health analytics;data science
big data architect;data science
python engineer;engineering
research analyst;analysis
data architect;data science
ai product manager;machine learning/ artificial intelligence
principal big data analyst;data science
customer analytics;analysis
risk and business analytics;analysis
machine learning engineer;engineering
python developer;data science
senior researcher;data science
health data analytics;analysis
data engineer;engineering
strategic data analytics analyst;analysis
data and analytics manger;analysis
data warehousing and analytics;analysis
artificial intelligence architect;machine learning/ artificial intelligence
data science director;data science
data ecologists;data science
director of analytics;analysis
geospatial data scientist;data science
python data developer;data science
data modeler;data science
quantitative analyst;data science
database administrator;data science
